city;country
Aachen;Germany
Aalborg;Denmark
Aberdeen;United Kingdom
Abidjan;Ivory Coast
Abu Dhabi;United Arab Emirates
Accra;Ghana
Ad Dammam;Saudi Arabia
Adana;Turkey
Addis Ababa;Ethiopia
Adelaide;Australia
Agadir;Morocco
Ahmedabad;India
Ajman;United Arab Emirates
Al Khobar;Saudi Arabia
Alanya;Turkey
Albuquerque;United States
Alexandria;Egypt
Algiers;Algeria
Alicante;Spain
Almaty;Kazakhstan
Amman;Jordan
Amsterdam;Netherlands
Ankara;Turkey
Antalya;Turkey
Antwerp;Belgium
Arhus;Denmark
Astana (Nur-Sultan);Kazakhstan
Asuncion;Paraguay
Athens;Greece
Atlanta;United States
Auckland;New Zealand
Augsburg;Germany
Austin;United States
Aveiro;Portugal
Baghdad;Iraq
Baguio;Philippines
Baku;Azerbaijan
Bali;Indonesia
Bandung;Indonesia
Bangalore;India
Bangkok;Thailand
Banja Luka;Bosnia And Herzegovina
Barbados;Barbados
Barcelona;Spain
Bari;Italy
Barranquilla;Colombia
Barrie;Canada
Basel;Switzerland
Batumi;Georgia
Beijing;China
Beirut;Lebanon
Belfast;United Kingdom
Belgrade;Serbia
Belo Horizonte;Brazil
Bergamo;Italy
Bergen;Norway
Berlin;Germany
Bern;Switzerland
Bhubaneswar;India
Bilbao;Spain
Birmingham;United Kingdom
Bishkek;Kyrgyzstan
Bitola;North Macedonia
Bogota;Colombia
Boise;United States
Bologna;Italy
Bonn;Germany
Bordeaux;France
Boston;United States
Bournemouth;United Kingdom
Braga;Portugal
Brampton;Canada
Brasilia;Brazil
Brasov;Romania
Bratislava;Slovakia
Bremen;Germany
Brescia;Italy
Brighton;United Kingdom
Brisbane;Australia
Bristol;United Kingdom
Brno;Czech Republic
Brooklyn;United States
Brussels;Belgium
Bucaramanga;Colombia
Bucharest;Romania
Budapest;Hungary
Budva;Montenegro
Buenos Aires;Argentina
Buffalo;United States
Burgas;Bulgaria
Bursa;Turkey
Cagliari;Italy
Cairo;Egypt
Calgary;Canada
Cali;Colombia
Cambridge;United Kingdom
Campinas;Brazil
Canberra;Australia
Cancun;Mexico
Cape Town;South Africa
Caracas;Venezuela
Cardiff;United Kingdom
Cartagena;Colombia
Casablanca;Morocco
Cascais;Portugal
Catania;Italy
Cebu;Philippines
Chandigarh;India
Chania;Greece
Charlotte;United States
Chengdu;China
Chennai;India
Chiang Mai;Thailand
Chicago;United States
Chisinau;Moldova
Chittagong;Bangladesh
Christchurch;New Zealand
Cincinnati;United States
Cleveland;United States
Cluj-Napoca;Romania
Coimbatore;India
Coimbra;Portugal
Cologne;Germany
Colombo;Sri Lanka
Columbus;United States
Constanta;Romania
Copenhagen;Denmark
Corfu;Greece
Cork;Ireland
Coventry;United Kingdom
Craiova;Romania
Cuenca;Ecuador
Curitiba;Brazil
Da Nang;Vietnam
Dakar;Senegal
Dallas;United States
Damascus;Syria
Dar es Salaam;Tanzania
Darmstadt;Germany
Davao;Philippines
Debrecen;Hungary
Delft;Netherlands
Delhi;India
Denver;United States
Derby;United Kingdom
Detroit;United States
Dhaka;Bangladesh
Dnipro;Ukraine
Doha;Qatar
Dortmund;Germany
Douala;Cameroon
Douglas;Isle Of Man
Dresden;Germany
Dubai;United Arab Emirates
Dublin;Ireland
Dubrovnik;Croatia
Dundee;United Kingdom
Durban;South Africa
Dusseldorf;Germany
Edinburgh;United Kingdom
Edmonton;Canada
Eindhoven;Netherlands
Enschede;Netherlands
Erbil (Irbil);Iraq
Erlangen;Germany
Eskisehir;Turkey
Espoo;Finland
Essen;Germany
Eugene;United States
Exeter;United Kingdom
Florence;Italy
Florianopolis;Brazil
Fort Lauderdale;United States
Fort Worth;United States
Fortaleza;Brazil
Frankfurt;Germany
Fredericton;Canada
Freiburg im Breisgau;Germany
Fresno;United States
Funchal;Portugal
Gaborone;Botswana
Galway;Ireland
Gdansk;Poland
Geneva;Switzerland
Genoa;Italy
Gent;Belgium
George Town;Cayman Islands
Georgetown;Guyana
Giza;Egypt
Glasgow;United Kingdom
Goiania;Brazil
Gold Coast;Australia
Gothenburg;Sweden
Granada;Spain
Grand Rapids;United States
Graz;Austria
Grenoble;France
Groningen;Netherlands
Guadalajara;Mexico
Guangzhou;China
Guatemala City;Guatemala
Guayaquil;Ecuador
Guelph;Canada
Gurgaon;India
Haarlem;Netherlands
Haifa;Israel
Halifax;Canada
Hamburg;Germany
Hamilton;Bermuda
Hamilton;Canada
Hamilton;New Zealand
Hangzhou;China
Hanoi;Vietnam
Hanover;Germany
Harare;Zimbabwe
Havana;Cuba
Heidelberg;Germany
Helsinki;Finland
Heraklion;Greece
Ho Chi Minh City;Vietnam
Hong Kong;Hong Kong (China)
Honolulu;United States
Houston;United States
Hyderabad;India
Iasi;Romania
Indianapolis;United States
Indore;India
Innsbruck;Austria
Isfahan (Esfahan);Iran
Islamabad;Pakistan
Istanbul;Turkey
Izmir;Turkey
Jacksonville;United States
Jaipur;India
Jakarta;Indonesia
Jeddah (Jiddah);Saudi Arabia
Jerusalem;Israel
Johannesburg;South Africa
Johor Bahru;Malaysia
Kaliningrad;Russia
Kamloops;Canada
Kampala;Uganda
Kansas City;United States
Kaohsiung;Taiwan
Karachi;Pakistan
Karlsruhe;Germany
Kathmandu;Nepal
Katowice;Poland
Kaunas;Lithuania
Kayseri;Turkey
Kazan;Russia
Kelowna;Canada
Kharkiv;Ukraine
Kiev (Kyiv);Ukraine
Kigali;Rwanda
Kingston upon Hull;United Kingdom
Kingston;Canada
Kingston;Jamaica
Kitchener;Canada
Klaipeda;Lithuania
Knoxville;United States
Kocaeli;Turkey
Kochi;India
Kolkata;India
Konya;Turkey
Kosice;Slovakia
Krakow (Cracow);Poland
Krasnodar;Russia
Kuala Lumpur;Malaysia
Kuwait City;Kuwait
Lagos;Nigeria
Lahore;Pakistan
Larissa;Greece
Larnaca;Cyprus
Las Palmas de Gran Canaria;Spain
Las Vegas;United States
Lausanne;Switzerland
Leeds;United Kingdom
Leicester;United Kingdom
Leipzig;Germany
Leuven;Belgium
Lille;France
Lima;Peru
Limassol;Cyprus
Limerick;Ireland
Linz;Austria
Lisbon;Portugal
Liverpool;United Kingdom
Ljubljana;Slovenia
Lodz;Poland
London;Canada
London;United Kingdom
Los Angeles;United States
Louisville;United States
Lucknow (Lakhnau);India
Lund;Sweden
Luxembourg;Luxembourg
Lviv;Ukraine
Lyon;France
Maastricht;Netherlands
Macao;Macao (China)
Madison;United States
Madrid;Spain
Malaga;Spain
Male;Maldives
Malmo;Sweden
Manama;Bahrain
Manchester;United Kingdom
Manila;Philippines
Mannheim;Germany
Maribor;Slovenia
Markham;Canada
Marrakech;Morocco
Marseille;France
Mashhad;Iran
Medellin;Colombia
Melbourne;Australia
Memphis;United States
Merida;Mexico
Mersin;Turkey
Mexico City;Mexico
Miami;United States
Milan;Italy
Milton Keynes;United Kingdom
Milwaukee;United States
Minneapolis;United States
Minsk;Belarus
Mississauga;Canada
Monterrey;Mexico
Montevideo;Uruguay
Montpellier;France
Montreal;Canada
Moscow;Russia
Mostar;Bosnia And Herzegovina
Mumbai;India
Munich;Germany
Muscat;Oman
Nairobi;Kenya
Nanaimo;Canada
Nanjing;China
Nantes;France
Naples;Italy
Nashville;United States
Nassau;Bahamas
Netanya;Israel
New Cairo;Egypt
New Orleans;United States
New Taipei City;Taiwan
New York;United States
Newcastle upon Tyne;United Kingdom
Nice;France
Nicosia;Cyprus
Nijmegen;Netherlands
Nis;Serbia
Nizhny Novgorod;Russia
Noida;India
Norwich;United Kingdom
Nottingham;United Kingdom
Novi Sad;Serbia
Novosibirsk;Russia
Nuremberg;Germany
Oakland;United States
Odense;Denmark
Odessa (Odesa);Ukraine
Oklahoma City;United States
Olomouc;Czech Republic
Oradea;Romania
Orlando;United States
Osaka;Japan
Oshawa;Canada
Osijek;Croatia
Oslo;Norway
Ostrava;Czech Republic
Ottawa;Canada
Oulu;Finland
Oviedo;Spain
Oxford;United Kingdom
Padova;Italy
Palermo;Italy
Palma de Mallorca;Spain
Pamplona;Spain
Panama City;Panama
Paphos;Cyprus
Paris;France
Parma;Italy
Patras;Greece
Pattaya;Thailand
Penang;Malaysia
Perth;Australia
Petah Tikva;Israel
Petaling Jaya;Malaysia
Philadelphia;United States
Phnom Penh;Cambodia
Phoenix;United States
Phuket;Thailand
Pittsburgh;United States
Playa del Carmen;Mexico
Plovdiv;Bulgaria
Plymouth;United Kingdom
Plzen;Czech Republic
Podgorica;Montenegro
Port Elizabeth;South Africa
Port of Spain;Trinidad And Tobago
Portland;United States
Porto Alegre;Brazil
Porto;Portugal
Portsmouth;United Kingdom
Poznan;Poland
Prague;Czech Republic
Pretoria;South Africa
Pristina;Kosovo (Disputed Territory)
Puebla;Mexico
Puerto Vallarta;Mexico
Pune;India
Qingdao;China
Quebec City;Canada
Queretaro (Santiago de Quer√©taro);Mexico
Quezon City;Philippines
Quito;Ecuador
Rabat;Morocco
Raleigh;United States
Ramallah;Palestine
Ramat Gan;Israel
Reading;United Kingdom
Recife;Brazil
Regina;Canada
Rehovot;Israel
Reno;United States
Reykjavik;Iceland
Riga;Latvia
Rijeka;Croatia
Rimini;Italy
Rio de Janeiro;Brazil
Riyadh;Saudi Arabia
Rome;Italy
Rotterdam;Netherlands
Sacramento;United States
Saint Helier;Jersey
Saint Louis;United States
Saint Petersburg;United States
Saint Petersburg;Russia
Salt Lake City;United States
Salvador;Brazil
Salzburg;Austria
San Antonio;United States
San Diego;United States
San Francisco;United States
San Jose;United States
San Jose;Costa Rica
San Juan;Puerto Rico
San Salvador;El Salvador
Santa Cruz de Tenerife;Spain
Santa Cruz;Bolivia
Santiago;Chile
Santo Domingo;Dominican Republic
Sao Jose dos Campos;Brazil
Sao Paulo;Brazil
Sarajevo;Bosnia And Herzegovina
Sarasota;United States
Saskatoon;Canada
Seattle;United States
Seoul;South Korea
Seville (Sevilla);Spain
Sfax;Tunisia
Shanghai;China
Sharjah;United Arab Emirates
Sheffield;United Kingdom
Shenzhen;China
Sibiu;Romania
Singapore;Singapore
Skopje;North Macedonia
Sliema;Malta
Sofia;Bulgaria
Sousse;Tunisia
Southampton;United Kingdom
Split;Croatia
Spokane;United States
St. John's;Canada
St.Catharines;Canada
Stavanger;Norway
Stockholm;Sweden
Stuttgart;Germany
Surabaya;Indonesia
Surat;India
Surrey;Canada
Suva;Fiji
Suzhou;China
Swansea;United Kingdom
Sydney;Australia
Szczecin;Poland
Szeged;Hungary
Tacoma;United States
Taichung;Taiwan
Taipei;Taiwan
Tallinn;Estonia
Tampa;United States
Tampere;Finland
Tangier;Morocco
Tartu;Estonia
Tashkent;Uzbekistan
Tauranga;New Zealand
Tbilisi;Georgia
Tehran;Iran
Tel Aviv-Yafo;Israel
The Hague (Den Haag);Netherlands
Thessaloniki;Greece
Tijuana;Mexico
Timisoara;Romania
Tirana;Albania
Tokyo;Japan
Toronto;Canada
Toulouse;France
Trento;Italy
Treviso;Italy
Trieste;Italy
Trinidad;Trinidad And Tobago
Tripoli;Libya
Tromso;Norway
Trondheim;Norway
Tucson;United States
Tunis;Tunisia
Turin;Italy
Turku;Finland
Tuzla;Bosnia And Herzegovina
Ulaanbaatar;Mongolia
Uppsala;Sweden
Utrecht;Netherlands
Vadodara;India
Valencia;Spain
Valletta;Malta
Vancouver;Canada
Varna;Bulgaria
Vicenza;Italy
Victoria;Canada
Vienna;Austria
Vigo;Spain
Villach;Austria
Vilnius;Lithuania
Warsaw;Poland
Washington;United States
Wellington;New Zealand
Wiesbaden;Germany
Windhoek;Namibia
Windsor;Canada
Winnipeg;Canada
Wroclaw;Poland
Yangon;Myanmar
Yekaterinburg;Russia
Yerevan;Armenia
Zadar;Croatia
Zagreb;Croatia
Zaragoza (Saragossa);Spain
Zug;Switzerland
Zurich;Switzerland