"average_price","item_name","city","country","price_per_day"
563.9090909090909,"Apartment (1 bedroom) in City Centre, Rent Per Month",Aachen,Germany,18.796969696969697
726.5138196300607,"Apartment (1 bedroom) in City Centre, Rent Per Month",Aalborg,Denmark,24.21712732100202
644.9235606849846,"Apartment (1 bedroom) in City Centre, Rent Per Month",Aberdeen,United Kingdom,21.49745202283282
491.2246394074712,"Apartment (1 bedroom) in City Centre, Rent Per Month",Abidjan,Ivory Coast,16.374154646915706
641.3346239494679,"Apartment (1 bedroom) in City Centre, Rent Per Month",Accra,Ghana,21.377820798315597
337.9733338398257,"Apartment (1 bedroom) in City Centre, Rent Per Month",Ad Dammam,Saudi Arabia,11.265777794660858
161.10281140461404,"Apartment (1 bedroom) in City Centre, Rent Per Month",Adana,Turkey,5.370093713487135
464.3068632857143,"Apartment (1 bedroom) in City Centre, Rent Per Month",Addis Ababa,Ethiopia,15.476895442857144
1320.5667723775173,"Apartment (1 bedroom) in City Centre, Rent Per Month",Adelaide,Australia,44.01889241258391
181.8821335421812,"Apartment (1 bedroom) in City Centre, Rent Per Month",Agadir,Morocco,6.062737784739373
384.76965630885695,"Apartment (1 bedroom) in City Centre, Rent Per Month",Ahmedabad,India,12.825655210295231
586.511802662746,"Apartment (1 bedroom) in City Centre, Rent Per Month",Ajman,United Arab Emirates,19.550393422091535
300.58690310533177,"Apartment (1 bedroom) in City Centre, Rent Per Month",Al Khobar,Saudi Arabia,10.019563436844392
533.2801133623138,"Apartment (1 bedroom) in City Centre, Rent Per Month",Alanya,Turkey,17.776003778743796
1357.0332981249999,"Apartment (1 bedroom) in City Centre, Rent Per Month",Albuquerque,United States,45.23444327083333
115.28123968473308,"Apartment (1 bedroom) in City Centre, Rent Per Month",Alexandria,Egypt,3.8427079894911027
209.8938750135458,"Apartment (1 bedroom) in City Centre, Rent Per Month",Algiers,Algeria,6.996462500451527
657.5,"Apartment (1 bedroom) in City Centre, Rent Per Month",Alicante,Spain,21.916666666666668
697.8601973794732,"Apartment (1 bedroom) in City Centre, Rent Per Month",Almaty,Kazakhstan,23.262006579315774
310.88044336113455,"Apartment (1 bedroom) in City Centre, Rent Per Month",Amman,Jordan,10.362681445371152
1719.0727272727272,"Apartment (1 bedroom) in City Centre, Rent Per Month",Amsterdam,Netherlands,57.30242424242424
324.9773002850298,"Apartment (1 bedroom) in City Centre, Rent Per Month",Ankara,Turkey,10.83257667616766
514.0527543292859,"Apartment (1 bedroom) in City Centre, Rent Per Month",Antalya,Turkey,17.135091810976196
861.9047619047619,"Apartment (1 bedroom) in City Centre, Rent Per Month",Antwerp,Belgium,28.73015873015873
995.9074172014145,"Apartment (1 bedroom) in City Centre, Rent Per Month",Arhus,Denmark,33.19691390671382
335.7518147588441,"Apartment (1 bedroom) in City Centre, Rent Per Month",Asuncion,Paraguay,11.191727158628137
1093.92928125,"Apartment (1 bedroom) in City Centre, Rent Per Month",Athens,Greece,36.464309375
1743.7275896153844,"Apartment (1 bedroom) in City Centre, Rent Per Month",Atlanta,United States,58.12425298717948
1212.5270098118401,"Apartment (1 bedroom) in City Centre, Rent Per Month",Auckland,New Zealand,40.417566993728
776.0,"Apartment (1 bedroom) in City Centre, Rent Per Month",Augsburg,Germany,25.866666666666667
2096.4974357142855,"Apartment (1 bedroom) in City Centre, Rent Per Month",Austin,United States,69.88324785714285
614.0625,"Apartment (1 bedroom) in City Centre, Rent Per Month",Aveiro,Portugal,20.46875
429.16968852401845,"Apartment (1 bedroom) in City Centre, Rent Per Month",Baghdad,Iraq,14.30565628413395
259.0320522963978,"Apartment (1 bedroom) in City Centre, Rent Per Month",Baguio,Philippines,8.63440174321326
348.9458121052632,"Apartment (1 bedroom) in City Centre, Rent Per Month",Baku,Azerbaijan,11.63152707017544
1217.857142857143,"Apartment (1 bedroom) in City Centre, Rent Per Month",Bali,Indonesia,40.595238095238095
233.29986152436737,"Apartment (1 bedroom) in City Centre, Rent Per Month",Bandung,Indonesia,7.776662050812246
248.15596809599162,"Apartment (1 bedroom) in City Centre, Rent Per Month",Bangalore,India,8.271865603199721
651.8371160351916,"Apartment (1 bedroom) in City Centre, Rent Per Month",Bangkok,Thailand,21.727903867839718
277.21558730012435,"Apartment (1 bedroom) in City Centre, Rent Per Month",Banja Luka,Bosnia And Herzegovina,9.240519576670811
1092.2857142857142,"Apartment (1 bedroom) in City Centre, Rent Per Month",Barcelona,Spain,36.409523809523805
757.1428571428571,"Apartment (1 bedroom) in City Centre, Rent Per Month",Bari,Italy,25.238095238095237
219.8737497459594,"Apartment (1 bedroom) in City Centre, Rent Per Month",Barranquilla,Colombia,7.32912499153198
1241.5944552146645,"Apartment (1 bedroom) in City Centre, Rent Per Month",Barrie,Canada,41.38648184048882
1496.948799233172,"Apartment (1 bedroom) in City Centre, Rent Per Month",Basel,Switzerland,49.8982933077724
550.6576490157079,"Apartment (1 bedroom) in City Centre, Rent Per Month",Batumi,Georgia,18.355254967190263
868.3713519140524,"Apartment (1 bedroom) in City Centre, Rent Per Month",Beijing,China,28.945711730468414
751.7257625,"Apartment (1 bedroom) in City Centre, Rent Per Month",Beirut,Lebanon,25.057525416666667
998.1394173742041,"Apartment (1 bedroom) in City Centre, Rent Per Month",Belfast,United Kingdom,33.27131391247347
753.3095294090703,"Apartment (1 bedroom) in City Centre, Rent Per Month",Belgrade,Serbia,25.11031764696901
296.7544899328394,"Apartment (1 bedroom) in City Centre, Rent Per Month",Belo Horizonte,Brazil,9.891816331094647
633.3333333333334,"Apartment (1 bedroom) in City Centre, Rent Per Month",Bergamo,Italy,21.11111111111111
1022.1032387816934,"Apartment (1 bedroom) in City Centre, Rent Per Month",Bergen,Norway,34.07010795938978
1296.057142857143,"Apartment (1 bedroom) in City Centre, Rent Per Month",Berlin,Germany,43.201904761904764
1174.7948485495906,"Apartment (1 bedroom) in City Centre, Rent Per Month",Bern,Switzerland,39.159828284986354
114.35918757137864,"Apartment (1 bedroom) in City Centre, Rent Per Month",Bhubaneswar,India,3.811972919045955
935.7142857142857,"Apartment (1 bedroom) in City Centre, Rent Per Month",Bilbao,Spain,31.19047619047619
991.404333586254,"Apartment (1 bedroom) in City Centre, Rent Per Month",Birmingham,United Kingdom,33.0468111195418
376.2354048269944,"Apartment (1 bedroom) in City Centre, Rent Per Month",Bishkek,Kyrgyzstan,12.541180160899813
322.4276936673518,"Apartment (1 bedroom) in City Centre, Rent Per Month",Bogota,Colombia,10.747589788911727
1451.9900996666668,"Apartment (1 bedroom) in City Centre, Rent Per Month",Boise,United States,48.399669988888895
801.4814814814815,"Apartment (1 bedroom) in City Centre, Rent Per Month",Bologna,Italy,26.71604938271605
733.3333333333334,"Apartment (1 bedroom) in City Centre, Rent Per Month",Bonn,Germany,24.444444444444446
700.0,"Apartment (1 bedroom) in City Centre, Rent Per Month",Bordeaux,France,23.333333333333332
2511.693686285714,"Apartment (1 bedroom) in City Centre, Rent Per Month",Boston,United States,83.72312287619047
1035.107543943619,"Apartment (1 bedroom) in City Centre, Rent Per Month",Bournemouth,United Kingdom,34.503584798120635
647.7777777777778,"Apartment (1 bedroom) in City Centre, Rent Per Month",Braga,Portugal,21.592592592592595
1331.1796789601672,"Apartment (1 bedroom) in City Centre, Rent Per Month",Brampton,Canada,44.37265596533891
356.299733228441,"Apartment (1 bedroom) in City Centre, Rent Per Month",Brasilia,Brazil,11.876657774281368
399.465211021024,"Apartment (1 bedroom) in City Centre, Rent Per Month",Brasov,Romania,13.315507034034134
659.8571428571429,"Apartment (1 bedroom) in City Centre, Rent Per Month",Bratislava,Slovakia,21.995238095238097
657.1428571428571,"Apartment (1 bedroom) in City Centre, Rent Per Month",Bremen,Germany,21.904761904761905
631.25,"Apartment (1 bedroom) in City Centre, Rent Per Month",Brescia,Italy,21.041666666666668
1385.331900917024,"Apartment (1 bedroom) in City Centre, Rent Per Month",Brighton,United Kingdom,46.17773003056747
1551.3035483314834,"Apartment (1 bedroom) in City Centre, Rent Per Month",Brisbane,Australia,51.71011827771611
1338.8122009756069,"Apartment (1 bedroom) in City Centre, Rent Per Month",Bristol,United Kingdom,44.62707336585356
699.9375736422796,"Apartment (1 bedroom) in City Centre, Rent Per Month",Brno,Czech Republic,23.331252454742653
2601.938844921875,"Apartment (1 bedroom) in City Centre, Rent Per Month",Brooklyn,United States,86.73129483072917
976.3610803436442,"Apartment (1 bedroom) in City Centre, Rent Per Month",Brussels,Belgium,32.54536934478814
160.8359651602703,"Apartment (1 bedroom) in City Centre, Rent Per Month",Bucaramanga,Colombia,5.361198838675676
493.70991208573196,"Apartment (1 bedroom) in City Centre, Rent Per Month",Bucharest,Romania,16.456997069524398
555.9389698856271,"Apartment (1 bedroom) in City Centre, Rent Per Month",Budapest,Hungary,18.53129899618757
689.0625,"Apartment (1 bedroom) in City Centre, Rent Per Month",Budva,Montenegro,22.96875
328.08821190188803,"Apartment (1 bedroom) in City Centre, Rent Per Month",Buenos Aires,Argentina,10.936273730062934
1279.28017075,"Apartment (1 bedroom) in City Centre, Rent Per Month",Buffalo,United States,42.642672358333336
204.3830148304363,"Apartment (1 bedroom) in City Centre, Rent Per Month",Bursa,Turkey,6.812767161014544
685.0,"Apartment (1 bedroom) in City Centre, Rent Per Month",Cagliari,Italy,22.833333333333332
163.32222576639649,"Apartment (1 bedroom) in City Centre, Rent Per Month",Cairo,Egypt,5.4440741922132165
1166.4294091074996,"Apartment (1 bedroom) in City Centre, Rent Per Month",Calgary,Canada,38.88098030358332
1501.7195912647512,"Apartment (1 bedroom) in City Centre, Rent Per Month",Cambridge,United Kingdom,50.05731970882504
322.82915222819355,"Apartment (1 bedroom) in City Centre, Rent Per Month",Campinas,Brazil,10.760971740939786
1715.7238048473139,"Apartment (1 bedroom) in City Centre, Rent Per Month",Canberra,Australia,57.190793494910466
662.0287216712468,"Apartment (1 bedroom) in City Centre, Rent Per Month",Cancun,Mexico,22.067624055708226
604.4519835695058,"Apartment (1 bedroom) in City Centre, Rent Per Month",Cape Town,South Africa,20.148399452316863
289.2211888888889,"Apartment (1 bedroom) in City Centre, Rent Per Month",Caracas,Venezuela,9.640706296296296
944.5113127126514,"Apartment (1 bedroom) in City Centre, Rent Per Month",Cardiff,United Kingdom,31.483710423755046
463.4455683784809,"Apartment (1 bedroom) in City Centre, Rent Per Month",Cartagena,Colombia,15.448185612616031
431.71768710459156,"Apartment (1 bedroom) in City Centre, Rent Per Month",Casablanca,Morocco,14.390589570153052
1077.7777777777778,"Apartment (1 bedroom) in City Centre, Rent Per Month",Cascais,Portugal,35.92592592592593
481.6666666666667,"Apartment (1 bedroom) in City Centre, Rent Per Month",Catania,Italy,16.055555555555557
421.44103746636154,"Apartment (1 bedroom) in City Centre, Rent Per Month",Cebu,Philippines,14.04803458221205
136.73381122664838,"Apartment (1 bedroom) in City Centre, Rent Per Month",Chandigarh,India,4.557793707554946
453.57142857142856,"Apartment (1 bedroom) in City Centre, Rent Per Month",Chania,Greece,15.119047619047619
1779.7387921875,"Apartment (1 bedroom) in City Centre, Rent Per Month",Charlotte,United States,59.32462640625
341.14588825194915,"Apartment (1 bedroom) in City Centre, Rent Per Month",Chengdu,China,11.371529608398305
166.90297583089716,"Apartment (1 bedroom) in City Centre, Rent Per Month",Chennai,India,5.563432527696572
303.78273105118814,"Apartment (1 bedroom) in City Centre, Rent Per Month",Chiang Mai,Thailand,10.126091035039604
1856.7825680672095,"Apartment (1 bedroom) in City Centre, Rent Per Month",Chicago,United States,61.89275226890698
326.064761572073,"Apartment (1 bedroom) in City Centre, Rent Per Month",Chisinau,Moldova,10.868825385735766
78.0292991015872,"Apartment (1 bedroom) in City Centre, Rent Per Month",Chittagong,Bangladesh,2.6009766367195732
1048.7280319553079,"Apartment (1 bedroom) in City Centre, Rent Per Month",Christchurch,New Zealand,34.95760106517693
1250.6323133333333,"Apartment (1 bedroom) in City Centre, Rent Per Month",Cincinnati,United States,41.687743777777776
1325.9748863636364,"Apartment (1 bedroom) in City Centre, Rent Per Month",Cleveland,United States,44.19916287878788
476.2742895950346,"Apartment (1 bedroom) in City Centre, Rent Per Month",Cluj-Napoca,Romania,15.875809653167819
94.31289377174878,"Apartment (1 bedroom) in City Centre, Rent Per Month",Coimbatore,India,3.143763125724959
595.0,"Apartment (1 bedroom) in City Centre, Rent Per Month",Coimbra,Portugal,19.833333333333332
631.25,"Apartment (1 bedroom) in City Centre, Rent Per Month",Cologne,Germany,21.041666666666668
286.31261088034046,"Apartment (1 bedroom) in City Centre, Rent Per Month",Colombo,Sri Lanka,9.543753696011349
1300.597767,"Apartment (1 bedroom) in City Centre, Rent Per Month",Columbus,United States,43.3532589
386.5078990635487,"Apartment (1 bedroom) in City Centre, Rent Per Month",Constanta,Romania,12.883596635451623
1689.6749793384772,"Apartment (1 bedroom) in City Centre, Rent Per Month",Copenhagen,Denmark,56.32249931128258
475.0,"Apartment (1 bedroom) in City Centre, Rent Per Month",Corfu,Greece,15.833333333333334
1433.6538461538462,"Apartment (1 bedroom) in City Centre, Rent Per Month",Cork,Ireland,47.78846153846154
962.4684180528387,"Apartment (1 bedroom) in City Centre, Rent Per Month",Coventry,United Kingdom,32.08228060176129
290.649168899825,"Apartment (1 bedroom) in City Centre, Rent Per Month",Craiova,Romania,9.688305629994167
289.1738863582503,"Apartment (1 bedroom) in City Centre, Rent Per Month",Curitiba,Brazil,9.63912954527501
294.9930823466016,"Apartment (1 bedroom) in City Centre, Rent Per Month",Da Nang,Vietnam,9.833102744886721
1686.3490209666666,"Apartment (1 bedroom) in City Centre, Rent Per Month",Dallas,United States,56.21163403222222
249.8272683333333,"Apartment (1 bedroom) in City Centre, Rent Per Month",Damascus,Syria,8.32757561111111
305.2577681136017,"Apartment (1 bedroom) in City Centre, Rent Per Month",Dar es Salaam,Tanzania,10.175258937120056
959.0909090909091,"Apartment (1 bedroom) in City Centre, Rent Per Month",Darmstadt,Germany,31.969696969696972
401.2696870760761,"Apartment (1 bedroom) in City Centre, Rent Per Month",Debrecen,Hungary,13.375656235869203
223.37986844606135,"Apartment (1 bedroom) in City Centre, Rent Per Month",Delhi,India,7.445995614868711
1761.3784113571428,"Apartment (1 bedroom) in City Centre, Rent Per Month",Denver,United States,58.71261371190476
661.5348965053204,"Apartment (1 bedroom) in City Centre, Rent Per Month",Derby,United Kingdom,22.051163216844014
1234.176625,"Apartment (1 bedroom) in City Centre, Rent Per Month",Detroit,United States,41.13922083333333
124.54219396116875,"Apartment (1 bedroom) in City Centre, Rent Per Month",Dhaka,Bangladesh,4.1514064653722915
346.485432344946,"Apartment (1 bedroom) in City Centre, Rent Per Month",Dnipro,Ukraine,11.5495144114982
1603.238839409915,"Apartment (1 bedroom) in City Centre, Rent Per Month",Doha,Qatar,53.44129464699717
605.0,"Apartment (1 bedroom) in City Centre, Rent Per Month",Dortmund,Germany,20.166666666666668
783.1988475602566,"Apartment (1 bedroom) in City Centre, Rent Per Month",Douala,Cameroon,26.10662825200855
611.0,"Apartment (1 bedroom) in City Centre, Rent Per Month",Dresden,Germany,20.366666666666667
1798.8283030393306,"Apartment (1 bedroom) in City Centre, Rent Per Month",Dubai,United Arab Emirates,59.960943434644356
1936.2068965517242,"Apartment (1 bedroom) in City Centre, Rent Per Month",Dublin,Ireland,64.54022988505747
525.4758441084412,"Apartment (1 bedroom) in City Centre, Rent Per Month",Dubrovnik,Croatia,17.515861470281372
738.8066197105637,"Apartment (1 bedroom) in City Centre, Rent Per Month",Dundee,United Kingdom,24.62688732368546
320.46376715107425,"Apartment (1 bedroom) in City Centre, Rent Per Month",Durban,South Africa,10.682125571702475
986.7391304347826,"Apartment (1 bedroom) in City Centre, Rent Per Month",Dusseldorf,Germany,32.891304347826086
1288.7769913903282,"Apartment (1 bedroom) in City Centre, Rent Per Month",Edinburgh,United Kingdom,42.95923304634427
891.5393422708846,"Apartment (1 bedroom) in City Centre, Rent Per Month",Edmonton,Canada,29.717978075696156
1252.2666666666667,"Apartment (1 bedroom) in City Centre, Rent Per Month",Eindhoven,Netherlands,41.742222222222225
992.5,"Apartment (1 bedroom) in City Centre, Rent Per Month",Enschede,Netherlands,33.083333333333336
458.9711395613342,"Apartment (1 bedroom) in City Centre, Rent Per Month",Erbil (Irbil),Iraq,15.299037985377806
747.1428571428571,"Apartment (1 bedroom) in City Centre, Rent Per Month",Erlangen,Germany,24.904761904761905
156.42113401689392,"Apartment (1 bedroom) in City Centre, Rent Per Month",Eskisehir,Turkey,5.214037800563131
1060.14,"Apartment (1 bedroom) in City Centre, Rent Per Month",Espoo,Finland,35.338
781.25,"Apartment (1 bedroom) in City Centre, Rent Per Month",Essen,Germany,26.041666666666668
1324.6253734615384,"Apartment (1 bedroom) in City Centre, Rent Per Month",Eugene,United States,44.154179115384615
904.0166214376014,"Apartment (1 bedroom) in City Centre, Rent Per Month",Exeter,United Kingdom,30.13388738125338
873.0769230769231,"Apartment (1 bedroom) in City Centre, Rent Per Month",Florence,Italy,29.102564102564102
381.80755503911354,"Apartment (1 bedroom) in City Centre, Rent Per Month",Florianopolis,Brazil,12.726918501303784
2178.6787363636363,"Apartment (1 bedroom) in City Centre, Rent Per Month",Fort Lauderdale,United States,72.62262454545454
1288.031605,"Apartment (1 bedroom) in City Centre, Rent Per Month",Fort Worth,United States,42.93438683333333
220.11078561013196,"Apartment (1 bedroom) in City Centre, Rent Per Month",Fortaleza,Brazil,7.3370261870043985
1151.7241379310344,"Apartment (1 bedroom) in City Centre, Rent Per Month",Frankfurt,Germany,38.39080459770115
859.0361193325068,"Apartment (1 bedroom) in City Centre, Rent Per Month",Fredericton,Canada,28.63453731108356
906.25,"Apartment (1 bedroom) in City Centre, Rent Per Month",Freiburg im Breisgau,Germany,30.208333333333332
1234.176625,"Apartment (1 bedroom) in City Centre, Rent Per Month",Fresno,United States,41.13922083333333
833.3333333333334,"Apartment (1 bedroom) in City Centre, Rent Per Month",Funchal,Portugal,27.77777777777778
192.88278715546602,"Apartment (1 bedroom) in City Centre, Rent Per Month",Gaborone,Botswana,6.429426238515534
1360.9375,"Apartment (1 bedroom) in City Centre, Rent Per Month",Galway,Ireland,45.364583333333336
677.0404354221289,"Apartment (1 bedroom) in City Centre, Rent Per Month",Gdansk,Poland,22.568014514070963
2144.0156215550305,"Apartment (1 bedroom) in City Centre, Rent Per Month",Geneva,Switzerland,71.46718738516769
674.2857142857143,"Apartment (1 bedroom) in City Centre, Rent Per Month",Genoa,Italy,22.476190476190478
861.1538461538462,"Apartment (1 bedroom) in City Centre, Rent Per Month",Gent,Belgium,28.705128205128208
282.3812866131482,"Apartment (1 bedroom) in City Centre, Rent Per Month",George Town,Cayman Islands,9.412709553771606
1186.9039203333332,"Apartment (1 bedroom) in City Centre, Rent Per Month",Georgetown,Guyana,39.56346401111111
201.39420770120296,"Apartment (1 bedroom) in City Centre, Rent Per Month",Giza,Egypt,6.713140256706765
950.9938308585535,"Apartment (1 bedroom) in City Centre, Rent Per Month",Glasgow,United Kingdom,31.69979436195178
264.73764269262574,"Apartment (1 bedroom) in City Centre, Rent Per Month",Goiania,Brazil,8.824588089754192
1240.159957428,"Apartment (1 bedroom) in City Centre, Rent Per Month",Gold Coast,Australia,41.338665247600005
968.33539690487,"Apartment (1 bedroom) in City Centre, Rent Per Month",Gothenburg,Sweden,32.277846563495665
616.6666666666666,"Apartment (1 bedroom) in City Centre, Rent Per Month",Granada,Spain,20.555555555555554
1383.7737916666667,"Apartment (1 bedroom) in City Centre, Rent Per Month",Grand Rapids,United States,46.125793055555555
638.5,"Apartment (1 bedroom) in City Centre, Rent Per Month",Graz,Austria,21.283333333333335
612.5,"Apartment (1 bedroom) in City Centre, Rent Per Month",Grenoble,France,20.416666666666668
909.6,"Apartment (1 bedroom) in City Centre, Rent Per Month",Groningen,Netherlands,30.32
520.4970310289887,"Apartment (1 bedroom) in City Centre, Rent Per Month",Guadalajara,Mexico,17.349901034299624
449.2153088692692,"Apartment (1 bedroom) in City Centre, Rent Per Month",Guangzhou,China,14.97384362897564
513.7065831860596,"Apartment (1 bedroom) in City Centre, Rent Per Month",Guatemala City,Guatemala,17.123552772868653
354.04662777777776,"Apartment (1 bedroom) in City Centre, Rent Per Month",Guayaquil,Ecuador,11.801554259259259
1326.1934098458269,"Apartment (1 bedroom) in City Centre, Rent Per Month",Guelph,Canada,44.2064469948609
237.9907417025988,"Apartment (1 bedroom) in City Centre, Rent Per Month",Gurgaon,India,7.93302472341996
1484.3333333333333,"Apartment (1 bedroom) in City Centre, Rent Per Month",Haarlem,Netherlands,49.477777777777774
738.3068358012116,"Apartment (1 bedroom) in City Centre, Rent Per Month",Haifa,Israel,24.610227860040386
1183.1992646277604,"Apartment (1 bedroom) in City Centre, Rent Per Month",Halifax,Canada,39.439975487592015
992.8125,"Apartment (1 bedroom) in City Centre, Rent Per Month",Hamburg,Germany,33.09375
1117.6930301535501,"Apartment (1 bedroom) in City Centre, Rent Per Month",Hamilton,New Zealand,37.25643433845167
1117.6930301535501,"Apartment (1 bedroom) in City Centre, Rent Per Month",Hamilton,New Zealand,37.25643433845167
1117.6930301535501,"Apartment (1 bedroom) in City Centre, Rent Per Month",Hamilton,New Zealand,37.25643433845167
460.07748232143604,"Apartment (1 bedroom) in City Centre, Rent Per Month",Hangzhou,China,15.335916077381201
333.6755466605197,"Apartment (1 bedroom) in City Centre, Rent Per Month",Hanoi,Vietnam,11.122518222017323
705.5555555555555,"Apartment (1 bedroom) in City Centre, Rent Per Month",Hanover,Germany,23.51851851851852
272.079846875,"Apartment (1 bedroom) in City Centre, Rent Per Month",Harare,Zimbabwe,9.069328229166667
535.5578566666666,"Apartment (1 bedroom) in City Centre, Rent Per Month",Havana,Cuba,17.851928555555553
1014.0909090909091,"Apartment (1 bedroom) in City Centre, Rent Per Month",Heidelberg,Germany,33.803030303030305
935.2051282051282,"Apartment (1 bedroom) in City Centre, Rent Per Month",Helsinki,Finland,31.17350427350427
388.46153846153845,"Apartment (1 bedroom) in City Centre, Rent Per Month",Heraklion,Greece,12.948717948717949
450.07605416323116,"Apartment (1 bedroom) in City Centre, Rent Per Month",Ho Chi Minh City,Vietnam,15.002535138774372
2047.4477311664873,"Apartment (1 bedroom) in City Centre, Rent Per Month",Hong Kong,Hong Kong (China),68.24825770554958
942.46215,"Apartment (1 bedroom) in City Centre, Rent Per Month",Honolulu,United States,31.415405
1387.295558298611,"Apartment (1 bedroom) in City Centre, Rent Per Month",Houston,United States,46.243185276620366
174.7588330153925,"Apartment (1 bedroom) in City Centre, Rent Per Month",Hyderabad,India,5.825294433846417
356.6808119191191,"Apartment (1 bedroom) in City Centre, Rent Per Month",Iasi,Romania,11.88936039730397
1255.3922231818183,"Apartment (1 bedroom) in City Centre, Rent Per Month",Indianapolis,United States,41.84640743939394
117.5910776549176,"Apartment (1 bedroom) in City Centre, Rent Per Month",Indore,India,3.919702588497253
966.6666666666666,"Apartment (1 bedroom) in City Centre, Rent Per Month",Innsbruck,Austria,32.22222222222222
317.85657987499997,"Apartment (1 bedroom) in City Centre, Rent Per Month",Isfahan (Esfahan),Iran,10.595219329166666
134.53588031910067,"Apartment (1 bedroom) in City Centre, Rent Per Month",Islamabad,Pakistan,4.4845293439700225
551.6169924402435,"Apartment (1 bedroom) in City Centre, Rent Per Month",Istanbul,Turkey,18.38723308134145
289.9407648822971,"Apartment (1 bedroom) in City Centre, Rent Per Month",Izmir,Turkey,9.664692162743238
1357.957594904762,"Apartment (1 bedroom) in City Centre, Rent Per Month",Jacksonville,United States,45.26525316349206
151.3187510908242,"Apartment (1 bedroom) in City Centre, Rent Per Month",Jaipur,India,5.04395836969414
444.618579778773,"Apartment (1 bedroom) in City Centre, Rent Per Month",Jakarta,Indonesia,14.820619325959099
454.61899773144705,"Apartment (1 bedroom) in City Centre, Rent Per Month",Jeddah (Jiddah),Saudi Arabia,15.153966591048235
738.3068358012116,"Apartment (1 bedroom) in City Centre, Rent Per Month",Jerusalem,Israel,24.610227860040386
360.1626609658597,"Apartment (1 bedroom) in City Centre, Rent Per Month",Johannesburg,South Africa,12.005422032195323
278.20816415088495,"Apartment (1 bedroom) in City Centre, Rent Per Month",Johor Bahru,Malaysia,9.273605471696165
242.05333305484862,"Apartment (1 bedroom) in City Centre, Rent Per Month",Kaliningrad,Russia,8.06844443516162
1086.0941244424205,"Apartment (1 bedroom) in City Centre, Rent Per Month",Kamloops,Canada,36.20313748141402
289.478924887339,"Apartment (1 bedroom) in City Centre, Rent Per Month",Kampala,Uganda,9.649297496244634
299.8444346441188,"Apartment (1 bedroom) in City Centre, Rent Per Month",Kaohsiung,Taiwan,9.994814488137292
94.62706416405378,"Apartment (1 bedroom) in City Centre, Rent Per Month",Karachi,Pakistan,3.154235472135126
771.4285714285714,"Apartment (1 bedroom) in City Centre, Rent Per Month",Karlsruhe,Germany,25.714285714285715
179.99496450957784,"Apartment (1 bedroom) in City Centre, Rent Per Month",Kathmandu,Nepal,5.9998321503192615
474.9531192719342,"Apartment (1 bedroom) in City Centre, Rent Per Month",Katowice,Poland,15.831770642397807
512.5,"Apartment (1 bedroom) in City Centre, Rent Per Month",Kaunas,Lithuania,17.083333333333332
173.39854978214217,"Apartment (1 bedroom) in City Centre, Rent Per Month",Kayseri,Turkey,5.779951659404739
324.9773002850298,"Apartment (1 bedroom) in City Centre, Rent Per Month",Kazan,Russia,10.83257667616766
1214.8454740899545,"Apartment (1 bedroom) in City Centre, Rent Per Month",Kelowna,Canada,40.494849136331815
331.279187649952,"Apartment (1 bedroom) in City Centre, Rent Per Month",Kharkiv,Ukraine,11.042639588331733
399.83851306641645,"Apartment (1 bedroom) in City Centre, Rent Per Month",Kiev (Kyiv),Ukraine,13.327950435547216
466.5218911240552,"Apartment (1 bedroom) in City Centre, Rent Per Month",Kigali,Rwanda,15.550729704135172
528.2550717682191,"Apartment (1 bedroom) in City Centre, Rent Per Month",Kingston upon Hull,United Kingdom,17.60850239227397
1246.122714293845,"Apartment (1 bedroom) in City Centre, Rent Per Month",Kitchener,Canada,41.53742380979484
405.55555555555554,"Apartment (1 bedroom) in City Centre, Rent Per Month",Klaipeda,Lithuania,13.518518518518517
1271.9499095833332,"Apartment (1 bedroom) in City Centre, Rent Per Month",Knoxville,United States,42.39833031944444
188.84990570332315,"Apartment (1 bedroom) in City Centre, Rent Per Month",Kocaeli,Turkey,6.294996856777439
137.41816395183776,"Apartment (1 bedroom) in City Centre, Rent Per Month",Kolkata,India,4.580605465061258
162.94512827304217,"Apartment (1 bedroom) in City Centre, Rent Per Month",Konya,Turkey,5.431504275768073
568.6666666666666,"Apartment (1 bedroom) in City Centre, Rent Per Month",Kosice,Slovakia,18.955555555555556
749.3837815561782,"Apartment (1 bedroom) in City Centre, Rent Per Month",Krakow (Cracow),Poland,24.97945938520594
253.72996059465228,"Apartment (1 bedroom) in City Centre, Rent Per Month",Krasnodar,Russia,8.457665353155075
389.4914298112389,"Apartment (1 bedroom) in City Centre, Rent Per Month",Kuala Lumpur,Malaysia,12.98304766037463
840.7398231883112,"Apartment (1 bedroom) in City Centre, Rent Per Month",Kuwait City,Kuwait,28.024660772943708
105.1873195545092,"Apartment (1 bedroom) in City Centre, Rent Per Month",Lahore,Pakistan,3.5062439851503067
275.55555555555554,"Apartment (1 bedroom) in City Centre, Rent Per Month",Larissa,Greece,9.185185185185185
861.5384615384615,"Apartment (1 bedroom) in City Centre, Rent Per Month",Larnaca,Cyprus,28.71794871794872
814.2857142857143,"Apartment (1 bedroom) in City Centre, Rent Per Month",Las Palmas de Gran Canaria,Spain,27.142857142857146
1264.9739799914287,"Apartment (1 bedroom) in City Centre, Rent Per Month",Las Vegas,United States,42.16579933304762
1681.3387450124435,"Apartment (1 bedroom) in City Centre, Rent Per Month",Lausanne,Switzerland,56.04462483374812
965.3620096061802,"Apartment (1 bedroom) in City Centre, Rent Per Month",Leeds,United Kingdom,32.17873365353934
924.2031642353741,"Apartment (1 bedroom) in City Centre, Rent Per Month",Leicester,United Kingdom,30.806772141179135
622.0833333333334,"Apartment (1 bedroom) in City Centre, Rent Per Month",Leipzig,Germany,20.73611111111111
838.952380952381,"Apartment (1 bedroom) in City Centre, Rent Per Month",Leuven,Belgium,27.965079365079365
742.8571428571429,"Apartment (1 bedroom) in City Centre, Rent Per Month",Lille,France,24.761904761904763
1545.8333333333333,"Apartment (1 bedroom) in City Centre, Rent Per Month",Limassol,Cyprus,51.52777777777778
1283.3333333333333,"Apartment (1 bedroom) in City Centre, Rent Per Month",Limerick,Ireland,42.77777777777778
693.7777777777778,"Apartment (1 bedroom) in City Centre, Rent Per Month",Linz,Austria,23.125925925925927
1233.8179310344829,"Apartment (1 bedroom) in City Centre, Rent Per Month",Lisbon,Portugal,41.127264367816096
924.4463755943834,"Apartment (1 bedroom) in City Centre, Rent Per Month",Liverpool,United Kingdom,30.81487918647945
703.2045454545455,"Apartment (1 bedroom) in City Centre, Rent Per Month",Ljubljana,Slovenia,23.440151515151516
532.773499009387,"Apartment (1 bedroom) in City Centre, Rent Per Month",Lodz,Poland,17.759116633646233
2439.2046049556425,"Apartment (1 bedroom) in City Centre, Rent Per Month",London,United Kingdom,81.30682016518809
2439.2046049556425,"Apartment (1 bedroom) in City Centre, Rent Per Month",London,United Kingdom,81.30682016518809
2382.1380407894735,"Apartment (1 bedroom) in City Centre, Rent Per Month",Los Angeles,United States,79.40460135964912
1157.8820699999999,"Apartment (1 bedroom) in City Centre, Rent Per Month",Louisville,United States,38.59606899999999
131.26445877758243,"Apartment (1 bedroom) in City Centre, Rent Per Month",Lucknow (Lakhnau),India,4.375481959252748
2423.4741,"Apartment (1 bedroom) in City Centre, Rent Per Month",Lund,Sweden,80.78247
1611.138888888889,"Apartment (1 bedroom) in City Centre, Rent Per Month",Luxembourg,Luxembourg,53.70462962962963
435.75498785074507,"Apartment (1 bedroom) in City Centre, Rent Per Month",Lviv,Ukraine,14.525166261691503
779.625,"Apartment (1 bedroom) in City Centre, Rent Per Month",Lyon,France,25.9875
1068.75,"Apartment (1 bedroom) in City Centre, Rent Per Month",Maastricht,Netherlands,35.625
1798.8283030393306,"Apartment (1 bedroom) in City Centre, Rent Per Month",Macao,Macao (China),59.960943434644356
1445.7990784615383,"Apartment (1 bedroom) in City Centre, Rent Per Month",Madison,United States,48.19330261538461
1010.4464285714286,"Apartment (1 bedroom) in City Centre, Rent Per Month",Madrid,Spain,33.68154761904762
824.3825227272727,"Apartment (1 bedroom) in City Centre, Rent Per Month",Malaga,Spain,27.47941742424242
783.1994521103895,"Apartment (1 bedroom) in City Centre, Rent Per Month",Male,Maldives,26.10664840367965
793.1749039133557,"Apartment (1 bedroom) in City Centre, Rent Per Month",Malmo,Sweden,26.439163463778524
843.1686638923002,"Apartment (1 bedroom) in City Centre, Rent Per Month",Manama,Bahrain,28.105622129743338
1137.542445738128,"Apartment (1 bedroom) in City Centre, Rent Per Month",Manchester,United Kingdom,37.91808152460427
521.9845567842976,"Apartment (1 bedroom) in City Centre, Rent Per Month",Manila,Philippines,17.399485226143256
685.0,"Apartment (1 bedroom) in City Centre, Rent Per Month",Mannheim,Germany,22.833333333333332
394.44444444444446,"Apartment (1 bedroom) in City Centre, Rent Per Month",Maribor,Slovenia,13.148148148148149
1444.0889124990513,"Apartment (1 bedroom) in City Centre, Rent Per Month",Markham,Canada,48.136297083301706
344.8321224521012,"Apartment (1 bedroom) in City Centre, Rent Per Month",Marrakech,Morocco,11.494404081736707
775.0,"Apartment (1 bedroom) in City Centre, Rent Per Month",Marseille,France,25.833333333333332
287.6753515,"Apartment (1 bedroom) in City Centre, Rent Per Month",Mashhad,Iran,9.589178383333332
327.5951451002746,"Apartment (1 bedroom) in City Centre, Rent Per Month",Medellin,Colombia,10.919838170009152
1402.07828046753,"Apartment (1 bedroom) in City Centre, Rent Per Month",Melbourne,Australia,46.735942682251
1234.5755507777776,"Apartment (1 bedroom) in City Centre, Rent Per Month",Memphis,United States,41.152518359259254
137.3453859660532,"Apartment (1 bedroom) in City Centre, Rent Per Month",Mersin,Turkey,4.578179532201773
806.1618985640816,"Apartment (1 bedroom) in City Centre, Rent Per Month",Mexico City,Mexico,26.872063285469387
2440.0453718284207,"Apartment (1 bedroom) in City Centre, Rent Per Month",Miami,United States,81.33484572761402
1362.5,"Apartment (1 bedroom) in City Centre, Rent Per Month",Milan,Italy,45.416666666666664
1225.7852494069173,"Apartment (1 bedroom) in City Centre, Rent Per Month",Milton Keynes,United Kingdom,40.85950831356391
1351.5528634615384,"Apartment (1 bedroom) in City Centre, Rent Per Month",Milwaukee,United States,45.05176211538461
1399.5114136,"Apartment (1 bedroom) in City Centre, Rent Per Month",Minneapolis,United States,46.650380453333334
368.4513404040158,"Apartment (1 bedroom) in City Centre, Rent Per Month",Minsk,Belarus,12.281711346800527
1554.6795173408211,"Apartment (1 bedroom) in City Centre, Rent Per Month",Mississauga,Canada,51.82265057802737
546.2239613326799,"Apartment (1 bedroom) in City Centre, Rent Per Month",Montevideo,Uruguay,18.207465377755998
727.1818181818181,"Apartment (1 bedroom) in City Centre, Rent Per Month",Montpellier,France,24.23939393939394
1056.2110364933094,"Apartment (1 bedroom) in City Centre, Rent Per Month",Montreal,Canada,35.20703454977698
664.2743176888374,"Apartment (1 bedroom) in City Centre, Rent Per Month",Moscow,Russia,22.14247725629458
213.20067207489828,"Apartment (1 bedroom) in City Centre, Rent Per Month",Mostar,Bosnia And Herzegovina,7.106689069163276
500.007431092379,"Apartment (1 bedroom) in City Centre, Rent Per Month",Mumbai,India,16.666914369745967
1338.0681818181818,"Apartment (1 bedroom) in City Centre, Rent Per Month",Munich,Germany,44.60227272727273
313.32971397240243,"Apartment (1 bedroom) in City Centre, Rent Per Month",Nairobi,Kenya,10.444323799080081
1083.4924181338695,"Apartment (1 bedroom) in City Centre, Rent Per Month",Nanaimo,Canada,36.11641393779565
450.6392867781734,"Apartment (1 bedroom) in City Centre, Rent Per Month",Nanjing,China,15.021309559272447
620.7692307692307,"Apartment (1 bedroom) in City Centre, Rent Per Month",Nantes,France,20.69230769230769
646.4285714285714,"Apartment (1 bedroom) in City Centre, Rent Per Month",Naples,Italy,21.547619047619047
1884.9243,"Apartment (1 bedroom) in City Centre, Rent Per Month",Nashville,United States,62.83081
962.4084388888888,"Apartment (1 bedroom) in City Centre, Rent Per Month",Nassau,Bahamas,32.08028129629629
914.6801354648343,"Apartment (1 bedroom) in City Centre, Rent Per Month",Netanya,Israel,30.48933784882781
192.43797490679853,"Apartment (1 bedroom) in City Centre, Rent Per Month",New Cairo,Egypt,6.414599163559951
1482.0476226923076,"Apartment (1 bedroom) in City Centre, Rent Per Month",New Orleans,United States,49.40158742307692
3383.345185395349,"Apartment (1 bedroom) in City Centre, Rent Per Month",New York,United States,112.77817284651162
952.0796080025501,"Apartment (1 bedroom) in City Centre, Rent Per Month",Newcastle upon Tyne,United Kingdom,31.73598693341834
863.1818181818181,"Apartment (1 bedroom) in City Centre, Rent Per Month",Nice,France,28.77272727272727
612.4,"Apartment (1 bedroom) in City Centre, Rent Per Month",Nicosia,Cyprus,20.413333333333334
980.0,"Apartment (1 bedroom) in City Centre, Rent Per Month",Nijmegen,Netherlands,32.666666666666664
296.51150398860335,"Apartment (1 bedroom) in City Centre, Rent Per Month",Nis,Serbia,9.883716799620112
283.22634475705246,"Apartment (1 bedroom) in City Centre, Rent Per Month",Nizhny Novgorod,Russia,9.440878158568415
167.2710290672665,"Apartment (1 bedroom) in City Centre, Rent Per Month",Noida,India,5.575700968908884
1000.641019924014,"Apartment (1 bedroom) in City Centre, Rent Per Month",Norwich,United Kingdom,33.3547006641338
907.8892946156728,"Apartment (1 bedroom) in City Centre, Rent Per Month",Nottingham,United Kingdom,30.262976487189096
474.08995219618834,"Apartment (1 bedroom) in City Centre, Rent Per Month",Novi Sad,Serbia,15.802998406539611
288.6502191148275,"Apartment (1 bedroom) in City Centre, Rent Per Month",Novosibirsk,Russia,9.62167397049425
751.5833333333334,"Apartment (1 bedroom) in City Centre, Rent Per Month",Nuremberg,Germany,25.05277777777778
2075.099698125,"Apartment (1 bedroom) in City Centre, Rent Per Month",Oakland,United States,69.1699899375
917.3957846892563,"Apartment (1 bedroom) in City Centre, Rent Per Month",Odense,Denmark,30.579859489641876
528.0653911092768,"Apartment (1 bedroom) in City Centre, Rent Per Month",Olomouc,Czech Republic,17.60217970364256
298.2823030237761,"Apartment (1 bedroom) in City Centre, Rent Per Month",Oradea,Romania,9.94274343412587
1729.3662616153845,"Apartment (1 bedroom) in City Centre, Rent Per Month",Orlando,United States,57.64554205384615
495.981283974448,"Apartment (1 bedroom) in City Centre, Rent Per Month",Osaka,Japan,16.532709465814932
1157.99582606056,"Apartment (1 bedroom) in City Centre, Rent Per Month",Oshawa,Canada,38.59986086868533
349.1819313362512,"Apartment (1 bedroom) in City Centre, Rent Per Month",Osijek,Croatia,11.639397711208373
1266.1190600317216,"Apartment (1 bedroom) in City Centre, Rent Per Month",Oslo,Norway,42.203968667724055
514.9294361065585,"Apartment (1 bedroom) in City Centre, Rent Per Month",Ostrava,Czech Republic,17.164314536885282
1229.1298553757085,"Apartment (1 bedroom) in City Centre, Rent Per Month",Ottawa,Canada,40.97099517919028
657.375,"Apartment (1 bedroom) in City Centre, Rent Per Month",Oulu,Finland,21.9125
537.1428571428571,"Apartment (1 bedroom) in City Centre, Rent Per Month",Oviedo,Spain,17.904761904761905
1541.9600161190187,"Apartment (1 bedroom) in City Centre, Rent Per Month",Oxford,United Kingdom,51.39866720396729
725.8823529411765,"Apartment (1 bedroom) in City Centre, Rent Per Month",Padova,Italy,24.19607843137255
541.6666666666666,"Apartment (1 bedroom) in City Centre, Rent Per Month",Palermo,Italy,18.055555555555554
872.2222222222222,"Apartment (1 bedroom) in City Centre, Rent Per Month",Palma de Mallorca,Spain,29.074074074074073
770.0,"Apartment (1 bedroom) in City Centre, Rent Per Month",Pamplona,Spain,25.666666666666668
1331.4147833333332,"Apartment (1 bedroom) in City Centre, Rent Per Month",Panama City,Panama,44.380492777777775
785.0,"Apartment (1 bedroom) in City Centre, Rent Per Month",Paphos,Cyprus,26.166666666666668
1217.857142857143,"Apartment (1 bedroom) in City Centre, Rent Per Month",Paris,France,40.595238095238095
565.0,"Apartment (1 bedroom) in City Centre, Rent Per Month",Parma,Italy,18.833333333333332
306.9230769230769,"Apartment (1 bedroom) in City Centre, Rent Per Month",Patras,Greece,10.23076923076923
402.4742765136432,"Apartment (1 bedroom) in City Centre, Rent Per Month",Pattaya,Thailand,13.41580921712144
358.8885317546415,"Apartment (1 bedroom) in City Centre, Rent Per Month",Penang,Malaysia,11.96295105848805
1546.6630167919618,"Apartment (1 bedroom) in City Centre, Rent Per Month",Perth,Australia,51.55543389306539
802.2934282373166,"Apartment (1 bedroom) in City Centre, Rent Per Month",Petah Tikva,Israel,26.74311427457722
395.0555930942566,"Apartment (1 bedroom) in City Centre, Rent Per Month",Petaling Jaya,Malaysia,13.168519769808553
1716.0858425862068,"Apartment (1 bedroom) in City Centre, Rent Per Month",Philadelphia,United States,57.20286141954023
490.67870666666664,"Apartment (1 bedroom) in City Centre, Rent Per Month",Phnom Penh,Cambodia,16.355956888888887
1528.4969861290324,"Apartment (1 bedroom) in City Centre, Rent Per Month",Phoenix,United States,50.949899537634415
431.16985629316156,"Apartment (1 bedroom) in City Centre, Rent Per Month",Phuket,Thailand,14.372328543105386
1379.2260377999999,"Apartment (1 bedroom) in City Centre, Rent Per Month",Pittsburgh,United States,45.974201259999994
911.6212726407465,"Apartment (1 bedroom) in City Centre, Rent Per Month",Playa del Carmen,Mexico,30.38737575469155
299.4103739060391,"Apartment (1 bedroom) in City Centre, Rent Per Month",Plovdiv,Bulgaria,9.98034579686797
908.9155930976461,"Apartment (1 bedroom) in City Centre, Rent Per Month",Plymouth,United Kingdom,30.297186436588206
550.1109503747084,"Apartment (1 bedroom) in City Centre, Rent Per Month",Plzen,Czech Republic,18.337031679156947
433.1818181818182,"Apartment (1 bedroom) in City Centre, Rent Per Month",Podgorica,Montenegro,14.43939393939394
431.2220664392414,"Apartment (1 bedroom) in City Centre, Rent Per Month",Port Elizabeth,South Africa,14.374068881308046
1607.3624127674418,"Apartment (1 bedroom) in City Centre, Rent Per Month",Portland,United States,53.57874709224806
301.9821409059924,"Apartment (1 bedroom) in City Centre, Rent Per Month",Porto Alegre,Brazil,10.06607136353308
865.0,"Apartment (1 bedroom) in City Centre, Rent Per Month",Porto,Portugal,28.833333333333332
942.7696481099109,"Apartment (1 bedroom) in City Centre, Rent Per Month",Portsmouth,United Kingdom,31.42565493699703
583.9344570204141,"Apartment (1 bedroom) in City Centre, Rent Per Month",Poznan,Poland,19.46448190068047
1021.8218117665741,"Apartment (1 bedroom) in City Centre, Rent Per Month",Prague,Czech Republic,34.0607270588858
284.6395655386574,"Apartment (1 bedroom) in City Centre, Rent Per Month",Pretoria,South Africa,9.487985517955247
323.3333333333333,"Apartment (1 bedroom) in City Centre, Rent Per Month",Pristina,Kosovo (Disputed Territory),10.777777777777777
397.8196098160644,"Apartment (1 bedroom) in City Centre, Rent Per Month",Puebla,Mexico,13.26065366053548
890.0213202507906,"Apartment (1 bedroom) in City Centre, Rent Per Month",Puerto Vallarta,Mexico,29.66737734169302
211.96311821946222,"Apartment (1 bedroom) in City Centre, Rent Per Month",Pune,India,7.065437273982074
257.99809836301847,"Apartment (1 bedroom) in City Centre, Rent Per Month",Qingdao,China,8.599936612100615
737.2160593182334,"Apartment (1 bedroom) in City Centre, Rent Per Month",Quebec City,Canada,24.573868643941115
359.44860065670395,"Apartment (1 bedroom) in City Centre, Rent Per Month",Quezon City,Philippines,11.981620021890132
394.93652,"Apartment (1 bedroom) in City Centre, Rent Per Month",Quito,Ecuador,13.164550666666665
399.333577565275,"Apartment (1 bedroom) in City Centre, Rent Per Month",Rabat,Morocco,13.311119252175834
1749.0473306190477,"Apartment (1 bedroom) in City Centre, Rent Per Month",Raleigh,United States,58.30157768730159
406.0291196450775,"Apartment (1 bedroom) in City Centre, Rent Per Month",Ramallah,Palestine,13.53430398816925
1193.5960512119586,"Apartment (1 bedroom) in City Centre, Rent Per Month",Ramat Gan,Israel,39.78653504039862
1274.0140618984633,"Apartment (1 bedroom) in City Centre, Rent Per Month",Reading,United Kingdom,42.46713539661544
263.85074941727356,"Apartment (1 bedroom) in City Centre, Rent Per Month",Recife,Brazil,8.795024980575786
681.1740153297411,"Apartment (1 bedroom) in City Centre, Rent Per Month",Regina,Canada,22.70580051099137
830.595190276363,"Apartment (1 bedroom) in City Centre, Rent Per Month",Rehovot,Israel,27.686506342545435
1439.31921965,"Apartment (1 bedroom) in City Centre, Rent Per Month",Reno,United States,47.977307321666665
1531.7152305675293,"Apartment (1 bedroom) in City Centre, Rent Per Month",Reykjavik,Iceland,51.057174352250975
440.90909090909093,"Apartment (1 bedroom) in City Centre, Rent Per Month",Riga,Latvia,14.696969696969697
420.5742251685669,"Apartment (1 bedroom) in City Centre, Rent Per Month",Rijeka,Croatia,14.01914083895223
633.3333333333334,"Apartment (1 bedroom) in City Centre, Rent Per Month",Rimini,Italy,21.11111111111111
378.53952826687186,"Apartment (1 bedroom) in City Centre, Rent Per Month",Rio de Janeiro,Brazil,12.617984275562396
879.2635945598349,"Apartment (1 bedroom) in City Centre, Rent Per Month",Riyadh,Saudi Arabia,29.308786485327833
1094.4444444444443,"Apartment (1 bedroom) in City Centre, Rent Per Month",Rome,Italy,36.48148148148148
1316.0333333333333,"Apartment (1 bedroom) in City Centre, Rent Per Month",Rotterdam,Netherlands,43.867777777777775
1774.452546153846,"Apartment (1 bedroom) in City Centre, Rent Per Month",Sacramento,United States,59.1484182051282
1714.6400810156283,"Apartment (1 bedroom) in City Centre, Rent Per Month",Saint Helier,Jersey,57.15466936718761
1077.0996,"Apartment (1 bedroom) in City Centre, Rent Per Month",Saint Louis,United States,35.90332
409.165860169552,"Apartment (1 bedroom) in City Centre, Rent Per Month",Saint Petersburg,Russia,13.638862005651733
409.165860169552,"Apartment (1 bedroom) in City Centre, Rent Per Month",Saint Petersburg,Russia,13.638862005651733
1479.9919693181816,"Apartment (1 bedroom) in City Centre, Rent Per Month",Salt Lake City,United States,49.333065643939385
397.3281873577767,"Apartment (1 bedroom) in City Centre, Rent Per Month",Salvador,Brazil,13.24427291192589
1042.142857142857,"Apartment (1 bedroom) in City Centre, Rent Per Month",Salzburg,Austria,34.738095238095234
1345.8849092727273,"Apartment (1 bedroom) in City Centre, Rent Per Month",San Antonio,United States,44.86283030909091
2537.661213,"Apartment (1 bedroom) in City Centre, Rent Per Month",San Diego,United States,84.5887071
2965.8450390571425,"Apartment (1 bedroom) in City Centre, Rent Per Month",San Francisco,United States,98.86150130190475
2386.2885185714285,"Apartment (1 bedroom) in City Centre, Rent Per Month",San Jose,Costa Rica,79.54295061904762
2386.2885185714285,"Apartment (1 bedroom) in City Centre, Rent Per Month",San Jose,Costa Rica,79.54295061904762
394.93652,"Apartment (1 bedroom) in City Centre, Rent Per Month",San Juan,Puerto Rico,13.164550666666665
694.4444444444445,"Apartment (1 bedroom) in City Centre, Rent Per Month",Santa Cruz de Tenerife,Spain,23.14814814814815
2390.834718181818,"Apartment (1 bedroom) in City Centre, Rent Per Month",Santa Cruz,Bolivia,79.6944906060606
495.15674999959884,"Apartment (1 bedroom) in City Centre, Rent Per Month",Santiago,Chile,16.505224999986627
799.6443652130824,"Apartment (1 bedroom) in City Centre, Rent Per Month",Santo Domingo,Dominican Republic,26.654812173769415
299.16018794223226,"Apartment (1 bedroom) in City Centre, Rent Per Month",Sao Jose dos Campos,Brazil,9.972006264741076
544.5717513548332,"Apartment (1 bedroom) in City Centre, Rent Per Month",Sao Paulo,Brazil,18.15239171182777
271.4663453585216,"Apartment (1 bedroom) in City Centre, Rent Per Month",Sarajevo,Bosnia And Herzegovina,9.048878178617388
1929.8034499999999,"Apartment (1 bedroom) in City Centre, Rent Per Month",Sarasota,United States,64.32678166666666
898.2982327160961,"Apartment (1 bedroom) in City Centre, Rent Per Month",Saskatoon,Canada,29.94327442386987
2236.776836,"Apartment (1 bedroom) in City Centre, Rent Per Month",Seattle,United States,74.55922786666666
726.7730393076126,"Apartment (1 bedroom) in City Centre, Rent Per Month",Seoul,South Korea,24.22576797692042
646.6819125,"Apartment (1 bedroom) in City Centre, Rent Per Month",Seville (Sevilla),Spain,21.55606375
159.47033048844898,"Apartment (1 bedroom) in City Centre, Rent Per Month",Sfax,Tunisia,5.3156776829483
889.7732095468157,"Apartment (1 bedroom) in City Centre, Rent Per Month",Shanghai,China,29.659106984893857
586.511802662746,"Apartment (1 bedroom) in City Centre, Rent Per Month",Sharjah,United Arab Emirates,19.550393422091535
862.7193326778208,"Apartment (1 bedroom) in City Centre, Rent Per Month",Sheffield,United Kingdom,28.757311089260693
642.4027458087508,"Apartment (1 bedroom) in City Centre, Rent Per Month",Shenzhen,China,21.41342486029169
312.5922886864692,"Apartment (1 bedroom) in City Centre, Rent Per Month",Sibiu,Romania,10.41974295621564
3248.921845119582,"Apartment (1 bedroom) in City Centre, Rent Per Month",Singapore,Singapore,108.2973948373194
282.07658295627374,"Apartment (1 bedroom) in City Centre, Rent Per Month",Skopje,North Macedonia,9.402552765209125
1019.047619047619,"Apartment (1 bedroom) in City Centre, Rent Per Month",Sliema,Malta,33.96825396825397
460.8001389295555,"Apartment (1 bedroom) in City Centre, Rent Per Month",Sofia,Bulgaria,15.360004630985182
168.5693193925276,"Apartment (1 bedroom) in City Centre, Rent Per Month",Sousse,Tunisia,5.618977313084254
957.7663317786587,"Apartment (1 bedroom) in City Centre, Rent Per Month",Southampton,United Kingdom,31.925544392621955
506.8626325008095,"Apartment (1 bedroom) in City Centre, Rent Per Month",Split,Croatia,16.89542108336032
1315.6118826363636,"Apartment (1 bedroom) in City Centre, Rent Per Month",Spokane,United States,43.85372942121212
721.7038692418607,"Apartment (1 bedroom) in City Centre, Rent Per Month",St. John's,Canada,24.056795641395357
1053.3970348605717,"Apartment (1 bedroom) in City Centre, Rent Per Month",St.Catharines,Canada,35.11323449535239
1004.4307220403127,"Apartment (1 bedroom) in City Centre, Rent Per Month",Stavanger,Norway,33.48102406801043
1315.0851201515902,"Apartment (1 bedroom) in City Centre, Rent Per Month",Stockholm,Sweden,43.83617067171967
1012.6470588235294,"Apartment (1 bedroom) in City Centre, Rent Per Month",Stuttgart,Germany,33.754901960784316
220.05077187051424,"Apartment (1 bedroom) in City Centre, Rent Per Month",Surabaya,Indonesia,7.335025729017142
368.0874198221374,"Apartment (1 bedroom) in City Centre, Rent Per Month",Surat,India,12.269580660737914
433.8317833333333,"Apartment (1 bedroom) in City Centre, Rent Per Month",Surrey,Canada,14.461059444444443
604.9705644619786,"Apartment (1 bedroom) in City Centre, Rent Per Month",Suva,Fiji,20.165685482065953
620.8326859525503,"Apartment (1 bedroom) in City Centre, Rent Per Month",Suzhou,China,20.69442286508501
768.5478944694164,"Apartment (1 bedroom) in City Centre, Rent Per Month",Swansea,United Kingdom,25.618263148980546
2017.9741356684415,"Apartment (1 bedroom) in City Centre, Rent Per Month",Sydney,Australia,67.26580452228139
693.8445568494343,"Apartment (1 bedroom) in City Centre, Rent Per Month",Szczecin,Poland,23.128151894981144
361.5470802345202,"Apartment (1 bedroom) in City Centre, Rent Per Month",Szeged,Hungary,12.051569341150673
1563.2903916666667,"Apartment (1 bedroom) in City Centre, Rent Per Month",Tacoma,United States,52.109679722222225
379.3353568889534,"Apartment (1 bedroom) in City Centre, Rent Per Month",Taichung,Taiwan,12.644511896298447
551.5230692056023,"Apartment (1 bedroom) in City Centre, Rent Per Month",Taipei,Taiwan,18.38410230685341
666.7647058823529,"Apartment (1 bedroom) in City Centre, Rent Per Month",Tallinn,Estonia,22.225490196078432
1855.3705486296294,"Apartment (1 bedroom) in City Centre, Rent Per Month",Tampa,United States,61.84568495432098
790.0,"Apartment (1 bedroom) in City Centre, Rent Per Month",Tampere,Finland,26.333333333333332
344.0700233250179,"Apartment (1 bedroom) in City Centre, Rent Per Month",Tangier,Morocco,11.469000777500598
474.44444444444446,"Apartment (1 bedroom) in City Centre, Rent Per Month",Tartu,Estonia,15.814814814814815
526.5627840388076,"Apartment (1 bedroom) in City Centre, Rent Per Month",Tashkent,Uzbekistan,17.55209280129359
1148.7172026272715,"Apartment (1 bedroom) in City Centre, Rent Per Month",Tauranga,New Zealand,38.29057342090905
830.8745052934418,"Apartment (1 bedroom) in City Centre, Rent Per Month",Tbilisi,Georgia,27.695816843114724
422.1171744358974,"Apartment (1 bedroom) in City Centre, Rent Per Month",Tehran,Iran,14.070572481196582
1521.0321316424959,"Apartment (1 bedroom) in City Centre, Rent Per Month",Tel Aviv-Yafo,Israel,50.70107105474986
1079.7857142857142,"Apartment (1 bedroom) in City Centre, Rent Per Month",The Hague (Den Haag),Netherlands,35.99285714285714
469.77777777777777,"Apartment (1 bedroom) in City Centre, Rent Per Month",Thessaloniki,Greece,15.65925925925926
572.7913425018303,"Apartment (1 bedroom) in City Centre, Rent Per Month",Tijuana,Mexico,19.093044750061008
384.83358285183306,"Apartment (1 bedroom) in City Centre, Rent Per Month",Timisoara,Romania,12.827786095061102
478.61865365925286,"Apartment (1 bedroom) in City Centre, Rent Per Month",Tirana,Albania,15.953955121975095
908.3172682762456,"Apartment (1 bedroom) in City Centre, Rent Per Month",Tokyo,Japan,30.277242275874855
1682.143511456442,"Apartment (1 bedroom) in City Centre, Rent Per Month",Toronto,Canada,56.0714503818814
677.7777777777778,"Apartment (1 bedroom) in City Centre, Rent Per Month",Toulouse,France,22.592592592592595
790.9090909090909,"Apartment (1 bedroom) in City Centre, Rent Per Month",Trento,Italy,26.363636363636363
705.0,"Apartment (1 bedroom) in City Centre, Rent Per Month",Treviso,Italy,23.5
591.875,"Apartment (1 bedroom) in City Centre, Rent Per Month",Trieste,Italy,19.729166666666668
400.91759578885615,"Apartment (1 bedroom) in City Centre, Rent Per Month",Trinidad,Trinidad And Tobago,13.363919859628538
214.90248489074847,"Apartment (1 bedroom) in City Centre, Rent Per Month",Tripoli,Libya,7.163416163024949
1098.7695191380217,"Apartment (1 bedroom) in City Centre, Rent Per Month",Tromso,Norway,36.62565063793406
1040.501438577672,"Apartment (1 bedroom) in City Centre, Rent Per Month",Trondheim,Norway,34.6833812859224
1222.0937769230768,"Apartment (1 bedroom) in City Centre, Rent Per Month",Tucson,United States,40.73645923076923
616.6666666666666,"Apartment (1 bedroom) in City Centre, Rent Per Month",Turin,Italy,20.555555555555554
694.0,"Apartment (1 bedroom) in City Centre, Rent Per Month",Turku,Finland,23.133333333333333
205.6568268463363,"Apartment (1 bedroom) in City Centre, Rent Per Month",Tuzla,Bosnia And Herzegovina,6.855227561544543
353.90634057971016,"Apartment (1 bedroom) in City Centre, Rent Per Month",Ulaanbaatar,Mongolia,11.796878019323673
794.1374948161632,"Apartment (1 bedroom) in City Centre, Rent Per Month",Uppsala,Sweden,26.47124982720544
1220.8,"Apartment (1 bedroom) in City Centre, Rent Per Month",Utrecht,Netherlands,40.693333333333335
111.43805614971842,"Apartment (1 bedroom) in City Centre, Rent Per Month",Vadodara,India,3.7146018716572806
955.5555555555555,"Apartment (1 bedroom) in City Centre, Rent Per Month",Valletta,Malta,31.85185185185185
1778.8058029141685,"Apartment (1 bedroom) in City Centre, Rent Per Month",Vancouver,Canada,59.293526763805616
332.52939323091823,"Apartment (1 bedroom) in City Centre, Rent Per Month",Varna,Bulgaria,11.084313107697275
535.625,"Apartment (1 bedroom) in City Centre, Rent Per Month",Vicenza,Italy,17.854166666666668
1465.391081705727,"Apartment (1 bedroom) in City Centre, Rent Per Month",Victoria,Canada,48.8463693901909
871.7272727272727,"Apartment (1 bedroom) in City Centre, Rent Per Month",Vienna,Austria,29.05757575757576
585.7142857142857,"Apartment (1 bedroom) in City Centre, Rent Per Month",Vigo,Spain,19.523809523809522
650.0,"Apartment (1 bedroom) in City Centre, Rent Per Month",Villach,Austria,21.666666666666668
740.921052631579,"Apartment (1 bedroom) in City Centre, Rent Per Month",Vilnius,Lithuania,24.697368421052634
850.831262615125,"Apartment (1 bedroom) in City Centre, Rent Per Month",Warsaw,Poland,28.361042087170834
2217.5478463461536,"Apartment (1 bedroom) in City Centre, Rent Per Month",Washington,United States,73.91826154487178
1440.2959596481426,"Apartment (1 bedroom) in City Centre, Rent Per Month",Wellington,New Zealand,48.00986532160475
727.5,"Apartment (1 bedroom) in City Centre, Rent Per Month",Wiesbaden,Germany,24.25
305.8841742669412,"Apartment (1 bedroom) in City Centre, Rent Per Month",Windhoek,Namibia,10.196139142231374
943.4260112316915,"Apartment (1 bedroom) in City Centre, Rent Per Month",Windsor,Canada,31.44753370772305
799.4258243909841,"Apartment (1 bedroom) in City Centre, Rent Per Month",Winnipeg,Canada,26.64752747969947
710.7037878076527,"Apartment (1 bedroom) in City Centre, Rent Per Month",Wroclaw,Poland,23.69012626025509
695.6268249999999,"Apartment (1 bedroom) in City Centre, Rent Per Month",Yangon,Myanmar,23.187560833333333
285.5408810274146,"Apartment (1 bedroom) in City Centre, Rent Per Month",Yekaterinburg,Russia,9.518029367580487
996.8881649170927,"Apartment (1 bedroom) in City Centre, Rent Per Month",Yerevan,Armenia,33.22960549723642
424.75093499904995,"Apartment (1 bedroom) in City Centre, Rent Per Month",Zadar,Croatia,14.158364499968332
605.7938958036304,"Apartment (1 bedroom) in City Centre, Rent Per Month",Zagreb,Croatia,20.193129860121015
631.25,"Apartment (1 bedroom) in City Centre, Rent Per Month",Zaragoza (Saragossa),Spain,21.041666666666668
2483.8139954063176,"Apartment (1 bedroom) in City Centre, Rent Per Month",Zurich,Switzerland,82.79379984687725
